[
{
    "pk": 1, 
    "model": "staff.business", 
    "fields": {
        "name": "Amet"
    }
},
{
    "pk": 2, 
    "model": "staff.business", 
    "fields": {
        "name": "Maxime"
    }
},
{
    "pk": 3, 
    "model": "staff.business", 
    "fields": {
        "name": "Reiciendis"
    }
},
{
    "pk": 4, 
    "model": "staff.business", 
    "fields": {
        "name": "Eum"
    }
},
{
    "pk": 1, 
    "model": "staff.department", 
    "fields": {
        "name": "Consectetur", 
        "business": 3
    }
},
{
    "pk": 2, 
    "model": "staff.department", 
    "fields": {
        "name": "Et", 
        "business": 4
    }
},
{
    "pk": 3, 
    "model": "staff.department", 
    "fields": {
        "name": "Ut", 
        "business": 1
    }
},
{
    "pk": 4, 
    "model": "staff.department", 
    "fields": {
        "name": "Amet", 
        "business": 4
    }
},
{
    "pk": 5, 
    "model": "staff.department", 
    "fields": {
        "name": "Voluptas", 
        "business": 1
    }
},
{
    "pk": 6, 
    "model": "staff.department", 
    "fields": {
        "name": "Tempora", 
        "business": 3
    }
},
{
    "pk": 7, 
    "model": "staff.department", 
    "fields": {
        "name": "Sed", 
        "business": 2
    }
},
{
    "pk": 8, 
    "model": "staff.department", 
    "fields": {
        "name": "Aliquam", 
        "business": 1
    }
},
{
    "pk": 9, 
    "model": "staff.department", 
    "fields": {
        "name": "Et", 
        "business": 2
    }
},
{
    "pk": 10, 
    "model": "staff.department", 
    "fields": {
        "name": "Quaerat", 
        "business": 3
    }
},
{
    "pk": 11, 
    "model": "staff.department", 
    "fields": {
        "name": "Dignissimos", 
        "business": 3
    }
},
{
    "pk": 12, 
    "model": "staff.department", 
    "fields": {
        "name": "Reprehenderit", 
        "business": 1
    }
},
{
    "pk": 13, 
    "model": "staff.department", 
    "fields": {
        "name": "Sapiente", 
        "business": 2
    }
},
{
    "pk": 14, 
    "model": "staff.department", 
    "fields": {
        "name": "Similique", 
        "business": 1
    }
},
{
    "pk": 15, 
    "model": "staff.department", 
    "fields": {
        "name": "Sed", 
        "business": 2
    }
},
{
    "pk": 16, 
    "model": "staff.department", 
    "fields": {
        "name": "Sed", 
        "business": 3
    }
},
{
    "pk": 17, 
    "model": "staff.department", 
    "fields": {
        "name": "Enim", 
        "business": 2
    }
},
{
    "pk": 18, 
    "model": "staff.department", 
    "fields": {
        "name": "Quisquam", 
        "business": 1
    }
},
{
    "pk": 19, 
    "model": "staff.department", 
    "fields": {
        "name": "Est", 
        "business": 1
    }
},
{
    "pk": 20, 
    "model": "staff.department", 
    "fields": {
        "name": "Dolor", 
        "business": 4
    }
},
{
    "pk": 1, 
    "model": "staff.position", 
    "fields": {
        "name": "Maiores Reiciendis"
    }
},
{
    "pk": 2, 
    "model": "staff.position", 
    "fields": {
        "name": "Eum Et"
    }
},
{
    "pk": 3, 
    "model": "staff.position", 
    "fields": {
        "name": "Dolores Sequi"
    }
},
{
    "pk": 4, 
    "model": "staff.position", 
    "fields": {
        "name": "Ullam Quasi"
    }
},
{
    "pk": 1, 
    "model": "staff.staff", 
    "fields": {
        "active": "active", 
        "position": 4, 
        "first_name": "Gust", 
        "last_name": "Toy", 
        "department": 15
    }
},
{
    "pk": 2, 
    "model": "staff.staff", 
    "fields": {
        "active": "active", 
        "position": 4, 
        "first_name": "Edmond", 
        "last_name": "Hirthe", 
        "department": 2
    }
},
{
    "pk": 3, 
    "model": "staff.staff", 
    "fields": {
        "active": "active", 
        "position": 2, 
        "first_name": "Felicia", 
        "last_name": "Muller", 
        "department": 13
    }
},
{
    "pk": 4, 
    "model": "staff.staff", 
    "fields": {
        "active": "active", 
        "position": 2, 
        "first_name": "Leora", 
        "last_name": "Cassin", 
        "department": 2
    }
},
{
    "pk": 5, 
    "model": "staff.staff", 
    "fields": {
        "active": "active", 
        "position": 2, 
        "first_name": "Georgiana", 
        "last_name": "Stroman", 
        "department": 2
    }
},
{
    "pk": 6, 
    "model": "staff.staff", 
    "fields": {
        "active": "active", 
        "position": 1, 
        "first_name": "Eleanore", 
        "last_name": "Hyatt", 
        "department": 5
    }
},
{
    "pk": 7, 
    "model": "staff.staff", 
    "fields": {
        "active": "active", 
        "position": 2, 
        "first_name": "Gerda", 
        "last_name": "Zieme", 
        "department": 5
    }
},
{
    "pk": 8, 
    "model": "staff.staff", 
    "fields": {
        "active": "active", 
        "position": 2, 
        "first_name": "Lorna", 
        "last_name": "Murray", 
        "department": 3
    }
},
{
    "pk": 9, 
    "model": "staff.staff", 
    "fields": {
        "active": "active", 
        "position": 4, 
        "first_name": "Dallin", 
        "last_name": "Rippin", 
        "department": 12
    }
},
{
    "pk": 10, 
    "model": "staff.staff", 
    "fields": {
        "active": "active", 
        "position": 4, 
        "first_name": "Lesley", 
        "last_name": "Stamm", 
        "department": 12
    }
},
{
    "pk": 11, 
    "model": "staff.staff", 
    "fields": {
        "active": "active", 
        "position": 2, 
        "first_name": "Jackie", 
        "last_name": "Hickle", 
        "department": 12
    }
},
{
    "pk": 12, 
    "model": "staff.staff", 
    "fields": {
        "active": "active", 
        "position": 1, 
        "first_name": "Astrid", 
        "last_name": "Watsica", 
        "department": 11
    }
},
{
    "pk": 13, 
    "model": "staff.staff", 
    "fields": {
        "active": "active", 
        "position": 3, 
        "first_name": "Declan", 
        "last_name": "Considine", 
        "department": 16
    }
},
{
    "pk": 14, 
    "model": "staff.staff", 
    "fields": {
        "active": "active", 
        "position": 2, 
        "first_name": "Lucius", 
        "last_name": "Goodwin", 
        "department": 18
    }
},
{
    "pk": 15, 
    "model": "staff.staff", 
    "fields": {
        "active": "active", 
        "position": 1, 
        "first_name": "Charley", 
        "last_name": "Auer", 
        "department": 1
    }
},
{
    "pk": 16, 
    "model": "staff.staff", 
    "fields": {
        "active": "active", 
        "position": 2, 
        "first_name": "Emerald", 
        "last_name": "Murphy", 
        "department": 15
    }
},
{
    "pk": 17, 
    "model": "staff.staff", 
    "fields": {
        "active": "active", 
        "position": 1, 
        "first_name": "Linnea", 
        "last_name": "Beer", 
        "department": 9
    }
},
{
    "pk": 18, 
    "model": "staff.staff", 
    "fields": {
        "active": "active", 
        "position": 1, 
        "first_name": "Jerome", 
        "last_name": "Emard", 
        "department": 17
    }
},
{
    "pk": 19, 
    "model": "staff.staff", 
    "fields": {
        "active": "active", 
        "position": 1, 
        "first_name": "Lela", 
        "last_name": "Funk", 
        "department": 18
    }
},
{
    "pk": 20, 
    "model": "staff.staff", 
    "fields": {
        "active": "active", 
        "position": 3, 
        "first_name": "Elta", 
        "last_name": "Kuvalis", 
        "department": 6
    }
},
{
    "pk": 21, 
    "model": "staff.staff", 
    "fields": {
        "active": "active", 
        "position": 4, 
        "first_name": "Darion", 
        "last_name": "Schiller", 
        "department": 16
    }
},
{
    "pk": 22, 
    "model": "staff.staff", 
    "fields": {
        "active": "active", 
        "position": 2, 
        "first_name": "Camryn", 
        "last_name": "Kunze", 
        "department": 9
    }
},
{
    "pk": 23, 
    "model": "staff.staff", 
    "fields": {
        "active": "active", 
        "position": 3, 
        "first_name": "Ola", 
        "last_name": "Schroeder", 
        "department": 19
    }
},
{
    "pk": 24, 
    "model": "staff.staff", 
    "fields": {
        "active": "active", 
        "position": 4, 
        "first_name": "Briana", 
        "last_name": "Willms", 
        "department": 2
    }
},
{
    "pk": 25, 
    "model": "staff.staff", 
    "fields": {
        "active": "active", 
        "position": 2, 
        "first_name": "Jedidiah", 
        "last_name": "Sawayn", 
        "department": 19
    }
},
{
    "pk": 26, 
    "model": "staff.staff", 
    "fields": {
        "active": "active", 
        "position": 2, 
        "first_name": "Harvey", 
        "last_name": "Wintheiser", 
        "department": 19
    }
},
{
    "pk": 27, 
    "model": "staff.staff", 
    "fields": {
        "active": "active", 
        "position": 2, 
        "first_name": "Samantha", 
        "last_name": "Jenkins", 
        "department": 19
    }
},
{
    "pk": 28, 
    "model": "staff.staff", 
    "fields": {
        "active": "active", 
        "position": 1, 
        "first_name": "Arden", 
        "last_name": "Schmeler", 
        "department": 17
    }
},
{
    "pk": 29, 
    "model": "staff.staff", 
    "fields": {
        "active": "active", 
        "position": 3, 
        "first_name": "Orval", 
        "last_name": "Satterfield", 
        "department": 19
    }
},
{
    "pk": 30, 
    "model": "staff.staff", 
    "fields": {
        "active": "active", 
        "position": 3, 
        "first_name": "Modesto", 
        "last_name": "Stracke", 
        "department": 9
    }
},
{
    "pk": 31, 
    "model": "staff.staff", 
    "fields": {
        "active": "active", 
        "position": 4, 
        "first_name": "Wendy", 
        "last_name": "Kreiger", 
        "department": 10
    }
},
{
    "pk": 32, 
    "model": "staff.staff", 
    "fields": {
        "active": "active", 
        "position": 4, 
        "first_name": "Gaylord", 
        "last_name": "Kerluke", 
        "department": 14
    }
},
{
    "pk": 33, 
    "model": "staff.staff", 
    "fields": {
        "active": "active", 
        "position": 1, 
        "first_name": "Brook", 
        "last_name": "Goodwin", 
        "department": 10
    }
},
{
    "pk": 34, 
    "model": "staff.staff", 
    "fields": {
        "active": "inactive", 
        "position": 2, 
        "first_name": "Shanny", 
        "last_name": "Spinka", 
        "department": 8
    }
},
{
    "pk": 35, 
    "model": "staff.staff", 
    "fields": {
        "active": "active", 
        "position": 1, 
        "first_name": "Bridget", 
        "last_name": "Batz", 
        "department": 2
    }
},
{
    "pk": 36, 
    "model": "staff.staff", 
    "fields": {
        "active": "inactive", 
        "position": 1, 
        "first_name": "Cristina", 
        "last_name": "Monahan", 
        "department": 15
    }
},
{
    "pk": 37, 
    "model": "staff.staff", 
    "fields": {
        "active": "active", 
        "position": 3, 
        "first_name": "Michale", 
        "last_name": "Welch", 
        "department": 2
    }
},
{
    "pk": 38, 
    "model": "staff.staff", 
    "fields": {
        "active": "active", 
        "position": 4, 
        "first_name": "Leann", 
        "last_name": "Langworth", 
        "department": 1
    }
},
{
    "pk": 39, 
    "model": "staff.staff", 
    "fields": {
        "active": "active", 
        "position": 1, 
        "first_name": "Eden", 
        "last_name": "Halvorson", 
        "department": 13
    }
},
{
    "pk": 40, 
    "model": "staff.staff", 
    "fields": {
        "active": "active", 
        "position": 4, 
        "first_name": "Alessia", 
        "last_name": "Kunze", 
        "department": 12
    }
},
{
    "pk": 41, 
    "model": "staff.staff", 
    "fields": {
        "active": "active", 
        "position": 3, 
        "first_name": "Alfonzo", 
        "last_name": "Cruickshank", 
        "department": 9
    }
},
{
    "pk": 42, 
    "model": "staff.staff", 
    "fields": {
        "active": "active", 
        "position": 1, 
        "first_name": "Rubye", 
        "last_name": "Tillman", 
        "department": 15
    }
},
{
    "pk": 43, 
    "model": "staff.staff", 
    "fields": {
        "active": "active", 
        "position": 3, 
        "first_name": "Howard", 
        "last_name": "Stroman", 
        "department": 4
    }
},
{
    "pk": 44, 
    "model": "staff.staff", 
    "fields": {
        "active": "active", 
        "position": 3, 
        "first_name": "Brendan", 
        "last_name": "Harber", 
        "department": 7
    }
},
{
    "pk": 45, 
    "model": "staff.staff", 
    "fields": {
        "active": "active", 
        "position": 2, 
        "first_name": "Easter", 
        "last_name": "Kunde", 
        "department": 7
    }
},
{
    "pk": 46, 
    "model": "staff.staff", 
    "fields": {
        "active": "active", 
        "position": 4, 
        "first_name": "Asa", 
        "last_name": "Cartwright", 
        "department": 14
    }
},
{
    "pk": 47, 
    "model": "staff.staff", 
    "fields": {
        "active": "active", 
        "position": 1, 
        "first_name": "Lincoln", 
        "last_name": "Kessler", 
        "department": 17
    }
},
{
    "pk": 48, 
    "model": "staff.staff", 
    "fields": {
        "active": "active", 
        "position": 1, 
        "first_name": "Alexandre", 
        "last_name": "Ratke", 
        "department": 19
    }
},
{
    "pk": 49, 
    "model": "staff.staff", 
    "fields": {
        "active": "active", 
        "position": 2, 
        "first_name": "Kacey", 
        "last_name": "Johns", 
        "department": 2
    }
},
{
    "pk": 50, 
    "model": "staff.staff", 
    "fields": {
        "active": "active", 
        "position": 2, 
        "first_name": "Martina", 
        "last_name": "Stehr", 
        "department": 17
    }
},
{
    "pk": 51, 
    "model": "staff.staff", 
    "fields": {
        "active": "active", 
        "position": 4, 
        "first_name": "Tristin", 
        "last_name": "Leffler", 
        "department": 14
    }
},
{
    "pk": 52, 
    "model": "staff.staff", 
    "fields": {
        "active": "active", 
        "position": 3, 
        "first_name": "Adrienne", 
        "last_name": "Pfeffer", 
        "department": 8
    }
},
{
    "pk": 53, 
    "model": "staff.staff", 
    "fields": {
        "active": "active", 
        "position": 2, 
        "first_name": "Chesley", 
        "last_name": "McLaughlin", 
        "department": 12
    }
},
{
    "pk": 54, 
    "model": "staff.staff", 
    "fields": {
        "active": "active", 
        "position": 4, 
        "first_name": "Hettie", 
        "last_name": "Jacobi", 
        "department": 6
    }
},
{
    "pk": 55, 
    "model": "staff.staff", 
    "fields": {
        "active": "active", 
        "position": 3, 
        "first_name": "Dean", 
        "last_name": "Funk", 
        "department": 1
    }
},
{
    "pk": 56, 
    "model": "staff.staff", 
    "fields": {
        "active": "active", 
        "position": 4, 
        "first_name": "Prudence", 
        "last_name": "Douglas", 
        "department": 10
    }
},
{
    "pk": 57, 
    "model": "staff.staff", 
    "fields": {
        "active": "active", 
        "position": 2, 
        "first_name": "Guido", 
        "last_name": "Dach", 
        "department": 5
    }
},
{
    "pk": 58, 
    "model": "staff.staff", 
    "fields": {
        "active": "active", 
        "position": 3, 
        "first_name": "Sierra", 
        "last_name": "Zboncak", 
        "department": 11
    }
},
{
    "pk": 59, 
    "model": "staff.staff", 
    "fields": {
        "active": "inactive", 
        "position": 2, 
        "first_name": "Sibyl", 
        "last_name": "Connelly", 
        "department": 20
    }
},
{
    "pk": 60, 
    "model": "staff.staff", 
    "fields": {
        "active": "active", 
        "position": 3, 
        "first_name": "Abby", 
        "last_name": "Brakus", 
        "department": 6
    }
},
{
    "pk": 61, 
    "model": "staff.staff", 
    "fields": {
        "active": "active", 
        "position": 4, 
        "first_name": "Garrett", 
        "last_name": "Marvin", 
        "department": 3
    }
},
{
    "pk": 62, 
    "model": "staff.staff", 
    "fields": {
        "active": "active", 
        "position": 4, 
        "first_name": "Velva", 
        "last_name": "Rau", 
        "department": 10
    }
},
{
    "pk": 63, 
    "model": "staff.staff", 
    "fields": {
        "active": "active", 
        "position": 4, 
        "first_name": "Monique", 
        "last_name": "Harvey", 
        "department": 11
    }
},
{
    "pk": 64, 
    "model": "staff.staff", 
    "fields": {
        "active": "active", 
        "position": 4, 
        "first_name": "Mozelle", 
        "last_name": "Watsica", 
        "department": 3
    }
},
{
    "pk": 65, 
    "model": "staff.staff", 
    "fields": {
        "active": "active", 
        "position": 3, 
        "first_name": "Leonie", 
        "last_name": "Crooks", 
        "department": 17
    }
},
{
    "pk": 66, 
    "model": "staff.staff", 
    "fields": {
        "active": "active", 
        "position": 1, 
        "first_name": "Elmer", 
        "last_name": "Beahan", 
        "department": 10
    }
},
{
    "pk": 67, 
    "model": "staff.staff", 
    "fields": {
        "active": "active", 
        "position": 3, 
        "first_name": "Constantin", 
        "last_name": "Lesch", 
        "department": 6
    }
},
{
    "pk": 68, 
    "model": "staff.staff", 
    "fields": {
        "active": "active", 
        "position": 2, 
        "first_name": "Monroe", 
        "last_name": "Dare", 
        "department": 11
    }
},
{
    "pk": 69, 
    "model": "staff.staff", 
    "fields": {
        "active": "active", 
        "position": 4, 
        "first_name": "Yasmine", 
        "last_name": "Donnelly", 
        "department": 18
    }
},
{
    "pk": 70, 
    "model": "staff.staff", 
    "fields": {
        "active": "active", 
        "position": 4, 
        "first_name": "Tomas", 
        "last_name": "DuBuque", 
        "department": 3
    }
},
{
    "pk": 71, 
    "model": "staff.staff", 
    "fields": {
        "active": "active", 
        "position": 2, 
        "first_name": "Stanford", 
        "last_name": "Ernser", 
        "department": 9
    }
},
{
    "pk": 72, 
    "model": "staff.staff", 
    "fields": {
        "active": "active", 
        "position": 3, 
        "first_name": "Virgie", 
        "last_name": "Ankunding", 
        "department": 19
    }
},
{
    "pk": 73, 
    "model": "staff.staff", 
    "fields": {
        "active": "active", 
        "position": 2, 
        "first_name": "Elliot", 
        "last_name": "Senger", 
        "department": 20
    }
},
{
    "pk": 74, 
    "model": "staff.staff", 
    "fields": {
        "active": "active", 
        "position": 4, 
        "first_name": "Emely", 
        "last_name": "Rohan", 
        "department": 9
    }
},
{
    "pk": 75, 
    "model": "staff.staff", 
    "fields": {
        "active": "active", 
        "position": 1, 
        "first_name": "Luther", 
        "last_name": "Mitchell", 
        "department": 15
    }
},
{
    "pk": 76, 
    "model": "staff.staff", 
    "fields": {
        "active": "active", 
        "position": 4, 
        "first_name": "Ayla", 
        "last_name": "Denesik", 
        "department": 5
    }
},
{
    "pk": 77, 
    "model": "staff.staff", 
    "fields": {
        "active": "active", 
        "position": 4, 
        "first_name": "Osvaldo", 
        "last_name": "Herzog", 
        "department": 11
    }
},
{
    "pk": 78, 
    "model": "staff.staff", 
    "fields": {
        "active": "active", 
        "position": 3, 
        "first_name": "Nick", 
        "last_name": "Nitzsche", 
        "department": 2
    }
},
{
    "pk": 79, 
    "model": "staff.staff", 
    "fields": {
        "active": "active", 
        "position": 3, 
        "first_name": "Yasmeen", 
        "last_name": "King", 
        "department": 4
    }
},
{
    "pk": 80, 
    "model": "staff.staff", 
    "fields": {
        "active": "active", 
        "position": 2, 
        "first_name": "Craig", 
        "last_name": "Glover", 
        "department": 2
    }
},
{
    "pk": 81, 
    "model": "staff.staff", 
    "fields": {
        "active": "active", 
        "position": 3, 
        "first_name": "Darrick", 
        "last_name": "Goyette", 
        "department": 18
    }
},
{
    "pk": 82, 
    "model": "staff.staff", 
    "fields": {
        "active": "active", 
        "position": 4, 
        "first_name": "Adele", 
        "last_name": "Lubowitz", 
        "department": 1
    }
},
{
    "pk": 83, 
    "model": "staff.staff", 
    "fields": {
        "active": "active", 
        "position": 3, 
        "first_name": "Dominic", 
        "last_name": "Eichmann", 
        "department": 20
    }
},
{
    "pk": 84, 
    "model": "staff.staff", 
    "fields": {
        "active": "active", 
        "position": 1, 
        "first_name": "Jack", 
        "last_name": "Batz", 
        "department": 2
    }
},
{
    "pk": 85, 
    "model": "staff.staff", 
    "fields": {
        "active": "active", 
        "position": 1, 
        "first_name": "Ramon", 
        "last_name": "Gulgowski", 
        "department": 4
    }
},
{
    "pk": 86, 
    "model": "staff.staff", 
    "fields": {
        "active": "active", 
        "position": 4, 
        "first_name": "Adrien", 
        "last_name": "Wilderman", 
        "department": 2
    }
},
{
    "pk": 87, 
    "model": "staff.staff", 
    "fields": {
        "active": "inactive", 
        "position": 1, 
        "first_name": "Nadia", 
        "last_name": "Denesik", 
        "department": 14
    }
},
{
    "pk": 88, 
    "model": "staff.staff", 
    "fields": {
        "active": "active", 
        "position": 3, 
        "first_name": "Augustus", 
        "last_name": "Wunsch", 
        "department": 17
    }
},
{
    "pk": 89, 
    "model": "staff.staff", 
    "fields": {
        "active": "active", 
        "position": 3, 
        "first_name": "Rose", 
        "last_name": "Bashirian", 
        "department": 1
    }
},
{
    "pk": 90, 
    "model": "staff.staff", 
    "fields": {
        "active": "active", 
        "position": 1, 
        "first_name": "Marquise", 
        "last_name": "Sawayn", 
        "department": 1
    }
},
{
    "pk": 91, 
    "model": "staff.staff", 
    "fields": {
        "active": "active", 
        "position": 4, 
        "first_name": "Nicklaus", 
        "last_name": "Schneider", 
        "department": 8
    }
},
{
    "pk": 92, 
    "model": "staff.staff", 
    "fields": {
        "active": "active", 
        "position": 4, 
        "first_name": "Jovany", 
        "last_name": "Sawayn", 
        "department": 9
    }
},
{
    "pk": 93, 
    "model": "staff.staff", 
    "fields": {
        "active": "active", 
        "position": 2, 
        "first_name": "Mae", 
        "last_name": "Satterfield", 
        "department": 4
    }
},
{
    "pk": 94, 
    "model": "staff.staff", 
    "fields": {
        "active": "active", 
        "position": 4, 
        "first_name": "Theodore", 
        "last_name": "Lueilwitz", 
        "department": 8
    }
},
{
    "pk": 95, 
    "model": "staff.staff", 
    "fields": {
        "active": "active", 
        "position": 2, 
        "first_name": "Marisa", 
        "last_name": "Becker", 
        "department": 16
    }
},
{
    "pk": 96, 
    "model": "staff.staff", 
    "fields": {
        "active": "active", 
        "position": 1, 
        "first_name": "Yolanda", 
        "last_name": "Jast", 
        "department": 4
    }
},
{
    "pk": 97, 
    "model": "staff.staff", 
    "fields": {
        "active": "active", 
        "position": 2, 
        "first_name": "Agnes", 
        "last_name": "Kohler", 
        "department": 2
    }
},
{
    "pk": 98, 
    "model": "staff.staff", 
    "fields": {
        "active": "active", 
        "position": 3, 
        "first_name": "Efrain", 
        "last_name": "Rolfson", 
        "department": 16
    }
},
{
    "pk": 99, 
    "model": "staff.staff", 
    "fields": {
        "active": "active", 
        "position": 3, 
        "first_name": "Pearlie", 
        "last_name": "Grimes", 
        "department": 15
    }
},
{
    "pk": 100, 
    "model": "staff.staff", 
    "fields": {
        "active": "active", 
        "position": 2, 
        "first_name": "Alba", 
        "last_name": "Morissette", 
        "department": 11
    }
},
{
    "pk": 101, 
    "model": "staff.staff", 
    "fields": {
        "active": "active", 
        "position": 3, 
        "first_name": "Creola", 
        "last_name": "O'Connell", 
        "department": 16
    }
},
{
    "pk": 102, 
    "model": "staff.staff", 
    "fields": {
        "active": "active", 
        "position": 3, 
        "first_name": "Floyd", 
        "last_name": "Orn", 
        "department": 4
    }
},
{
    "pk": 103, 
    "model": "staff.staff", 
    "fields": {
        "active": "active", 
        "position": 2, 
        "first_name": "Bud", 
        "last_name": "Crist", 
        "department": 17
    }
},
{
    "pk": 104, 
    "model": "staff.staff", 
    "fields": {
        "active": "active", 
        "position": 3, 
        "first_name": "Elvis", 
        "last_name": "Heidenreich", 
        "department": 20
    }
},
{
    "pk": 105, 
    "model": "staff.staff", 
    "fields": {
        "active": "active", 
        "position": 1, 
        "first_name": "Oma", 
        "last_name": "Bode", 
        "department": 15
    }
},
{
    "pk": 106, 
    "model": "staff.staff", 
    "fields": {
        "active": "active", 
        "position": 4, 
        "first_name": "Vern", 
        "last_name": "Yundt", 
        "department": 3
    }
},
{
    "pk": 107, 
    "model": "staff.staff", 
    "fields": {
        "active": "active", 
        "position": 4, 
        "first_name": "Marcellus", 
        "last_name": "Adams", 
        "department": 9
    }
},
{
    "pk": 108, 
    "model": "staff.staff", 
    "fields": {
        "active": "active", 
        "position": 4, 
        "first_name": "Rosendo", 
        "last_name": "Murphy", 
        "department": 1
    }
},
{
    "pk": 109, 
    "model": "staff.staff", 
    "fields": {
        "active": "active", 
        "position": 2, 
        "first_name": "Jett", 
        "last_name": "Bradtke", 
        "department": 2
    }
},
{
    "pk": 110, 
    "model": "staff.staff", 
    "fields": {
        "active": "active", 
        "position": 1, 
        "first_name": "Keara", 
        "last_name": "Cronin", 
        "department": 13
    }
},
{
    "pk": 111, 
    "model": "staff.staff", 
    "fields": {
        "active": "active", 
        "position": 4, 
        "first_name": "Laura", 
        "last_name": "Sporer", 
        "department": 5
    }
},
{
    "pk": 112, 
    "model": "staff.staff", 
    "fields": {
        "active": "active", 
        "position": 1, 
        "first_name": "Vern", 
        "last_name": "Bashirian", 
        "department": 16
    }
},
{
    "pk": 113, 
    "model": "staff.staff", 
    "fields": {
        "active": "active", 
        "position": 2, 
        "first_name": "Nina", 
        "last_name": "Treutel", 
        "department": 10
    }
},
{
    "pk": 114, 
    "model": "staff.staff", 
    "fields": {
        "active": "active", 
        "position": 2, 
        "first_name": "Kendra", 
        "last_name": "Cole", 
        "department": 18
    }
},
{
    "pk": 115, 
    "model": "staff.staff", 
    "fields": {
        "active": "active", 
        "position": 2, 
        "first_name": "Jacinto", 
        "last_name": "Fay", 
        "department": 11
    }
},
{
    "pk": 116, 
    "model": "staff.staff", 
    "fields": {
        "active": "active", 
        "position": 2, 
        "first_name": "Vicenta", 
        "last_name": "Mueller", 
        "department": 13
    }
},
{
    "pk": 117, 
    "model": "staff.staff", 
    "fields": {
        "active": "active", 
        "position": 1, 
        "first_name": "Logan", 
        "last_name": "Roob", 
        "department": 20
    }
},
{
    "pk": 118, 
    "model": "staff.staff", 
    "fields": {
        "active": "active", 
        "position": 1, 
        "first_name": "Shaun", 
        "last_name": "Prohaska", 
        "department": 12
    }
},
{
    "pk": 119, 
    "model": "staff.staff", 
    "fields": {
        "active": "active", 
        "position": 4, 
        "first_name": "Dean", 
        "last_name": "Crooks", 
        "department": 13
    }
},
{
    "pk": 120, 
    "model": "staff.staff", 
    "fields": {
        "active": "active", 
        "position": 3, 
        "first_name": "Roxane", 
        "last_name": "Emmerich", 
        "department": 7
    }
},
{
    "pk": 121, 
    "model": "staff.staff", 
    "fields": {
        "active": "active", 
        "position": 2, 
        "first_name": "Alvis", 
        "last_name": "Weissnat", 
        "department": 1
    }
},
{
    "pk": 122, 
    "model": "staff.staff", 
    "fields": {
        "active": "active", 
        "position": 4, 
        "first_name": "Mattie", 
        "last_name": "Ferry", 
        "department": 10
    }
},
{
    "pk": 123, 
    "model": "staff.staff", 
    "fields": {
        "active": "active", 
        "position": 4, 
        "first_name": "Heath", 
        "last_name": "Upton", 
        "department": 6
    }
},
{
    "pk": 124, 
    "model": "staff.staff", 
    "fields": {
        "active": "active", 
        "position": 4, 
        "first_name": "Wendell", 
        "last_name": "Lueilwitz", 
        "department": 9
    }
},
{
    "pk": 125, 
    "model": "staff.staff", 
    "fields": {
        "active": "active", 
        "position": 1, 
        "first_name": "Domenica", 
        "last_name": "Parisian", 
        "department": 20
    }
},
{
    "pk": 126, 
    "model": "staff.staff", 
    "fields": {
        "active": "active", 
        "position": 2, 
        "first_name": "Wayne", 
        "last_name": "Price", 
        "department": 16
    }
},
{
    "pk": 127, 
    "model": "staff.staff", 
    "fields": {
        "active": "active", 
        "position": 4, 
        "first_name": "Watson", 
        "last_name": "Johnston", 
        "department": 17
    }
},
{
    "pk": 128, 
    "model": "staff.staff", 
    "fields": {
        "active": "active", 
        "position": 1, 
        "first_name": "Elyse", 
        "last_name": "Boyer", 
        "department": 19
    }
},
{
    "pk": 129, 
    "model": "staff.staff", 
    "fields": {
        "active": "active", 
        "position": 3, 
        "first_name": "Stephania", 
        "last_name": "Keebler", 
        "department": 3
    }
},
{
    "pk": 130, 
    "model": "staff.staff", 
    "fields": {
        "active": "active", 
        "position": 3, 
        "first_name": "Marjolaine", 
        "last_name": "Kemmer", 
        "department": 6
    }
},
{
    "pk": 131, 
    "model": "staff.staff", 
    "fields": {
        "active": "active", 
        "position": 3, 
        "first_name": "Aurelie", 
        "last_name": "Batz", 
        "department": 17
    }
},
{
    "pk": 132, 
    "model": "staff.staff", 
    "fields": {
        "active": "active", 
        "position": 2, 
        "first_name": "Dandre", 
        "last_name": "Roberts", 
        "department": 5
    }
},
{
    "pk": 133, 
    "model": "staff.staff", 
    "fields": {
        "active": "active", 
        "position": 3, 
        "first_name": "Olaf", 
        "last_name": "Jenkins", 
        "department": 2
    }
},
{
    "pk": 134, 
    "model": "staff.staff", 
    "fields": {
        "active": "active", 
        "position": 4, 
        "first_name": "Elmer", 
        "last_name": "Stoltenberg", 
        "department": 16
    }
},
{
    "pk": 135, 
    "model": "staff.staff", 
    "fields": {
        "active": "active", 
        "position": 1, 
        "first_name": "Nikki", 
        "last_name": "Bode", 
        "department": 9
    }
},
{
    "pk": 136, 
    "model": "staff.staff", 
    "fields": {
        "active": "active", 
        "position": 4, 
        "first_name": "Kaci", 
        "last_name": "Skiles", 
        "department": 13
    }
},
{
    "pk": 137, 
    "model": "staff.staff", 
    "fields": {
        "active": "active", 
        "position": 3, 
        "first_name": "Adalberto", 
        "last_name": "Braun", 
        "department": 3
    }
},
{
    "pk": 138, 
    "model": "staff.staff", 
    "fields": {
        "active": "active", 
        "position": 3, 
        "first_name": "Bryana", 
        "last_name": "Moen", 
        "department": 18
    }
},
{
    "pk": 139, 
    "model": "staff.staff", 
    "fields": {
        "active": "active", 
        "position": 4, 
        "first_name": "Patricia", 
        "last_name": "Keeling", 
        "department": 3
    }
},
{
    "pk": 140, 
    "model": "staff.staff", 
    "fields": {
        "active": "active", 
        "position": 2, 
        "first_name": "Abdul", 
        "last_name": "Bogan", 
        "department": 5
    }
},
{
    "pk": 141, 
    "model": "staff.staff", 
    "fields": {
        "active": "active", 
        "position": 3, 
        "first_name": "Elias", 
        "last_name": "Hahn", 
        "department": 9
    }
},
{
    "pk": 142, 
    "model": "staff.staff", 
    "fields": {
        "active": "active", 
        "position": 3, 
        "first_name": "Napoleon", 
        "last_name": "Collins", 
        "department": 18
    }
},
{
    "pk": 143, 
    "model": "staff.staff", 
    "fields": {
        "active": "active", 
        "position": 4, 
        "first_name": "Kobe", 
        "last_name": "Connelly", 
        "department": 13
    }
},
{
    "pk": 144, 
    "model": "staff.staff", 
    "fields": {
        "active": "active", 
        "position": 2, 
        "first_name": "Dee", 
        "last_name": "Morar", 
        "department": 5
    }
},
{
    "pk": 145, 
    "model": "staff.staff", 
    "fields": {
        "active": "active", 
        "position": 4, 
        "first_name": "Kirk", 
        "last_name": "Ruecker", 
        "department": 4
    }
},
{
    "pk": 146, 
    "model": "staff.staff", 
    "fields": {
        "active": "active", 
        "position": 1, 
        "first_name": "Delmer", 
        "last_name": "Ledner", 
        "department": 5
    }
},
{
    "pk": 147, 
    "model": "staff.staff", 
    "fields": {
        "active": "active", 
        "position": 4, 
        "first_name": "Alycia", 
        "last_name": "Brown", 
        "department": 7
    }
},
{
    "pk": 148, 
    "model": "staff.staff", 
    "fields": {
        "active": "active", 
        "position": 1, 
        "first_name": "Llewellyn", 
        "last_name": "Kunde", 
        "department": 2
    }
},
{
    "pk": 149, 
    "model": "staff.staff", 
    "fields": {
        "active": "active", 
        "position": 2, 
        "first_name": "Elda", 
        "last_name": "Crist", 
        "department": 16
    }
},
{
    "pk": 150, 
    "model": "staff.staff", 
    "fields": {
        "active": "active", 
        "position": 4, 
        "first_name": "Bria", 
        "last_name": "Aufderhar", 
        "department": 18
    }
},
{
    "pk": 151, 
    "model": "staff.staff", 
    "fields": {
        "active": "active", 
        "position": 3, 
        "first_name": "Robb", 
        "last_name": "Wolff", 
        "department": 15
    }
},
{
    "pk": 152, 
    "model": "staff.staff", 
    "fields": {
        "active": "active", 
        "position": 4, 
        "first_name": "Jonathon", 
        "last_name": "Johnston", 
        "department": 16
    }
},
{
    "pk": 153, 
    "model": "staff.staff", 
    "fields": {
        "active": "active", 
        "position": 4, 
        "first_name": "Cruz", 
        "last_name": "Williamson", 
        "department": 15
    }
},
{
    "pk": 154, 
    "model": "staff.staff", 
    "fields": {
        "active": "active", 
        "position": 1, 
        "first_name": "Mason", 
        "last_name": "Balistreri", 
        "department": 15
    }
},
{
    "pk": 155, 
    "model": "staff.staff", 
    "fields": {
        "active": "active", 
        "position": 1, 
        "first_name": "Geoffrey", 
        "last_name": "Denesik", 
        "department": 1
    }
},
{
    "pk": 156, 
    "model": "staff.staff", 
    "fields": {
        "active": "active", 
        "position": 2, 
        "first_name": "Edwin", 
        "last_name": "Donnelly", 
        "department": 20
    }
},
{
    "pk": 157, 
    "model": "staff.staff", 
    "fields": {
        "active": "active", 
        "position": 3, 
        "first_name": "Keely", 
        "last_name": "Braun", 
        "department": 11
    }
},
{
    "pk": 158, 
    "model": "staff.staff", 
    "fields": {
        "active": "active", 
        "position": 1, 
        "first_name": "Michele", 
        "last_name": "Reilly", 
        "department": 4
    }
},
{
    "pk": 159, 
    "model": "staff.staff", 
    "fields": {
        "active": "active", 
        "position": 2, 
        "first_name": "Afton", 
        "last_name": "Emmerich", 
        "department": 6
    }
},
{
    "pk": 160, 
    "model": "staff.staff", 
    "fields": {
        "active": "active", 
        "position": 3, 
        "first_name": "Arvilla", 
        "last_name": "Kautzer", 
        "department": 4
    }
},
{
    "pk": 161, 
    "model": "staff.staff", 
    "fields": {
        "active": "active", 
        "position": 1, 
        "first_name": "Katherine", 
        "last_name": "O'Conner", 
        "department": 15
    }
},
{
    "pk": 162, 
    "model": "staff.staff", 
    "fields": {
        "active": "active", 
        "position": 2, 
        "first_name": "Lavonne", 
        "last_name": "McLaughlin", 
        "department": 7
    }
},
{
    "pk": 163, 
    "model": "staff.staff", 
    "fields": {
        "active": "active", 
        "position": 3, 
        "first_name": "Filomena", 
        "last_name": "Fadel", 
        "department": 10
    }
},
{
    "pk": 164, 
    "model": "staff.staff", 
    "fields": {
        "active": "active", 
        "position": 3, 
        "first_name": "Kathlyn", 
        "last_name": "Kuhn", 
        "department": 8
    }
},
{
    "pk": 165, 
    "model": "staff.staff", 
    "fields": {
        "active": "active", 
        "position": 1, 
        "first_name": "Nicola", 
        "last_name": "Sanford", 
        "department": 17
    }
},
{
    "pk": 166, 
    "model": "staff.staff", 
    "fields": {
        "active": "active", 
        "position": 3, 
        "first_name": "Fernando", 
        "last_name": "Okuneva", 
        "department": 17
    }
},
{
    "pk": 167, 
    "model": "staff.staff", 
    "fields": {
        "active": "active", 
        "position": 2, 
        "first_name": "Tom", 
        "last_name": "Boyle", 
        "department": 16
    }
},
{
    "pk": 168, 
    "model": "staff.staff", 
    "fields": {
        "active": "active", 
        "position": 3, 
        "first_name": "Bert", 
        "last_name": "Haag", 
        "department": 2
    }
},
{
    "pk": 169, 
    "model": "staff.staff", 
    "fields": {
        "active": "active", 
        "position": 1, 
        "first_name": "Ruthie", 
        "last_name": "Langworth", 
        "department": 17
    }
},
{
    "pk": 170, 
    "model": "staff.staff", 
    "fields": {
        "active": "active", 
        "position": 4, 
        "first_name": "Maymie", 
        "last_name": "Green", 
        "department": 1
    }
},
{
    "pk": 171, 
    "model": "staff.staff", 
    "fields": {
        "active": "active", 
        "position": 1, 
        "first_name": "Lenny", 
        "last_name": "Wolf", 
        "department": 12
    }
},
{
    "pk": 172, 
    "model": "staff.staff", 
    "fields": {
        "active": "active", 
        "position": 4, 
        "first_name": "Kelley", 
        "last_name": "VonRueden", 
        "department": 20
    }
},
{
    "pk": 173, 
    "model": "staff.staff", 
    "fields": {
        "active": "active", 
        "position": 2, 
        "first_name": "Leanna", 
        "last_name": "Rath", 
        "department": 5
    }
},
{
    "pk": 174, 
    "model": "staff.staff", 
    "fields": {
        "active": "active", 
        "position": 4, 
        "first_name": "Josh", 
        "last_name": "Moore", 
        "department": 8
    }
},
{
    "pk": 175, 
    "model": "staff.staff", 
    "fields": {
        "active": "active", 
        "position": 2, 
        "first_name": "Susanna", 
        "last_name": "Halvorson", 
        "department": 1
    }
},
{
    "pk": 176, 
    "model": "staff.staff", 
    "fields": {
        "active": "active", 
        "position": 4, 
        "first_name": "Christina", 
        "last_name": "McDermott", 
        "department": 7
    }
},
{
    "pk": 177, 
    "model": "staff.staff", 
    "fields": {
        "active": "active", 
        "position": 4, 
        "first_name": "Green", 
        "last_name": "Langosh", 
        "department": 14
    }
},
{
    "pk": 178, 
    "model": "staff.staff", 
    "fields": {
        "active": "active", 
        "position": 2, 
        "first_name": "Joe", 
        "last_name": "Blick", 
        "department": 20
    }
},
{
    "pk": 179, 
    "model": "staff.staff", 
    "fields": {
        "active": "active", 
        "position": 2, 
        "first_name": "Dakota", 
        "last_name": "Abernathy", 
        "department": 13
    }
},
{
    "pk": 180, 
    "model": "staff.staff", 
    "fields": {
        "active": "active", 
        "position": 1, 
        "first_name": "Betsy", 
        "last_name": "Beahan", 
        "department": 1
    }
},
{
    "pk": 181, 
    "model": "staff.staff", 
    "fields": {
        "active": "active", 
        "position": 4, 
        "first_name": "Calista", 
        "last_name": "Dach", 
        "department": 19
    }
},
{
    "pk": 182, 
    "model": "staff.staff", 
    "fields": {
        "active": "active", 
        "position": 1, 
        "first_name": "Carol", 
        "last_name": "Champlin", 
        "department": 9
    }
},
{
    "pk": 183, 
    "model": "staff.staff", 
    "fields": {
        "active": "active", 
        "position": 4, 
        "first_name": "Duncan", 
        "last_name": "Sauer", 
        "department": 7
    }
},
{
    "pk": 184, 
    "model": "staff.staff", 
    "fields": {
        "active": "active", 
        "position": 2, 
        "first_name": "Breanne", 
        "last_name": "Howell", 
        "department": 2
    }
},
{
    "pk": 185, 
    "model": "staff.staff", 
    "fields": {
        "active": "active", 
        "position": 4, 
        "first_name": "Otha", 
        "last_name": "Hamill", 
        "department": 10
    }
},
{
    "pk": 186, 
    "model": "staff.staff", 
    "fields": {
        "active": "active", 
        "position": 3, 
        "first_name": "Mary", 
        "last_name": "Stamm", 
        "department": 6
    }
},
{
    "pk": 187, 
    "model": "staff.staff", 
    "fields": {
        "active": "active", 
        "position": 1, 
        "first_name": "Royce", 
        "last_name": "O'Conner", 
        "department": 7
    }
},
{
    "pk": 188, 
    "model": "staff.staff", 
    "fields": {
        "active": "active", 
        "position": 2, 
        "first_name": "Frances", 
        "last_name": "Bayer", 
        "department": 5
    }
},
{
    "pk": 189, 
    "model": "staff.staff", 
    "fields": {
        "active": "active", 
        "position": 4, 
        "first_name": "Coleman", 
        "last_name": "Hermann", 
        "department": 3
    }
},
{
    "pk": 190, 
    "model": "staff.staff", 
    "fields": {
        "active": "active", 
        "position": 3, 
        "first_name": "Maude", 
        "last_name": "White", 
        "department": 19
    }
},
{
    "pk": 191, 
    "model": "staff.staff", 
    "fields": {
        "active": "active", 
        "position": 4, 
        "first_name": "Ceasar", 
        "last_name": "Bartell", 
        "department": 16
    }
},
{
    "pk": 192, 
    "model": "staff.staff", 
    "fields": {
        "active": "active", 
        "position": 2, 
        "first_name": "Austin", 
        "last_name": "Tremblay", 
        "department": 19
    }
},
{
    "pk": 193, 
    "model": "staff.staff", 
    "fields": {
        "active": "active", 
        "position": 1, 
        "first_name": "Krista", 
        "last_name": "Crist", 
        "department": 6
    }
},
{
    "pk": 194, 
    "model": "staff.staff", 
    "fields": {
        "active": "active", 
        "position": 2, 
        "first_name": "Citlalli", 
        "last_name": "Stiedemann", 
        "department": 10
    }
},
{
    "pk": 195, 
    "model": "staff.staff", 
    "fields": {
        "active": "active", 
        "position": 4, 
        "first_name": "Gregory", 
        "last_name": "Carroll", 
        "department": 6
    }
},
{
    "pk": 196, 
    "model": "staff.staff", 
    "fields": {
        "active": "active", 
        "position": 3, 
        "first_name": "Johnathan", 
        "last_name": "Pfannerstill", 
        "department": 18
    }
},
{
    "pk": 197, 
    "model": "staff.staff", 
    "fields": {
        "active": "active", 
        "position": 4, 
        "first_name": "Johnpaul", 
        "last_name": "Labadie", 
        "department": 5
    }
},
{
    "pk": 198, 
    "model": "staff.staff", 
    "fields": {
        "active": "active", 
        "position": 3, 
        "first_name": "Leanna", 
        "last_name": "Jakubowski", 
        "department": 19
    }
},
{
    "pk": 199, 
    "model": "staff.staff", 
    "fields": {
        "active": "inactive", 
        "position": 3, 
        "first_name": "Daphney", 
        "last_name": "Greenholt", 
        "department": 10
    }
},
{
    "pk": 200, 
    "model": "staff.staff", 
    "fields": {
        "active": "active", 
        "position": 4, 
        "first_name": "Betty", 
        "last_name": "Little", 
        "department": 19
    }
}
]
